train_loss,train_acc,lr,epoch,val_loss,macro_f1,top1,train_seconds
0.48199118789648865,0.7400914634146342,9.847560975609756e-05,1,0.4313440599447657,0.832597288509379,0.8774635818337618,57.183728444000735
0.2217849577101311,0.8621379573170732,9.804758750336013e-05,2,0.3968518553240508,0.8075616576246987,0.8751785204227364,56.56102288299917
0.17885798084401958,0.8862423780487805,9.220332756879578e-05,3,0.3137020236320136,0.89110059147866,0.9114538703227649,56.05885939900145
0.12610970602637703,0.9166349085365854,8.294000502746098e-05,4,0.28292381400825023,0.8701864825214982,0.9045986860896886,55.923841894998986
0.1114919362476141,0.9234946646341463,7.100807918055428e-05,5,0.28253388341853564,0.8816956300246094,0.9108826049700086,55.47443680499964
0.0896272946421693,0.9405487804878049,5.737420369829669e-05,6,0.18327306145022712,0.9336473341354716,0.9483004855755498,55.286991042999944
0.062149985875116616,0.9544588414634146,4.314291408848116e-05,7,0.12839747064711537,0.9538898750557573,0.9637246500999714,55.10985479400006
0.04750198523984958,0.9645579268292683,2.9467144798556745e-05,8,0.16186917438502993,0.9425438221631437,0.9548700371322479,55.09521248499914
0.03552463008255228,0.97265625,1.7454825323461448e-05,9,0.14155639204526757,0.9484979082689359,0.9605826906598115,54.382249754999066
0.02456828642183465,0.9801829268292683,8.079122347052826e-06,10,0.11141144638145287,0.9570986534893069,0.9668666095401314,53.94823578799878
0.019858862356780197,0.9849466463414634,2.0995995650269274e-06,11,0.10456654663104324,0.9601312667014716,0.9697229363039132,53.95895078899957
0.018577656300960105,0.9856135670731707,6.823515922183e-10,12,0.10802822239788488,0.9583476668621539,0.9680091402456441,53.964032423999015
